"";"albowiem";"bardziej";"bia³ych";"biegaæ";"bioder";"blisko";"boga";"bo¿e";"brzeg";"brzegu";"brzmi¹cym";"ca³a";"ca³ego";"ca³y";"chêci¹";"ch³odnym";"chocia¿";"choæby";"chodzi";"chwilê";"cicho";"ciebie";"ciemne";"ciemno";"ciê";"cokolwiek";"czarnego";"czas";"czasie";"czasu";"czerwone";"czêœæ";"cz³owiek";"cz³owieka";"czterdzieœci";"cztery";"czym";"dalej";"daleko";"d³ugi";"d³ugo";"dnem";"dnia";"dobrze";"dok³adnie";"dokonaæ";"doktora";"domu";"doniesienia";"dooko³a";"doœæ";"dot¹d";"dotknê³a";"dó³";"drogi";"druga";"drugi";"drugich";"drugie";"drugiego";"drugiej";"drugim";"dusza";"du¿ego";"du¿ych";"dwa";"dwie";"dwoma";"dwóch";"dzieci";"dzieñ";"dziesiêæ";"dziewczyna";"dziœ";"dŸwiêk";"fakt";"fale";"fotel";"frodo";"garnka";"g³os";"g³ow¹";"g³owê";"g³owie";"gotowa³o";"historie";"hobbici";"idŸ";"imiê";"innej";"inny";"innych";"istoty";"iœæ";"jakby";"jaki";"jakiego";"jakiœ";"jakoœ";"jeden";"jedli";"jedna";"jedn¹";"jednego";"jedni";"jedyny";"jestem";"jesteœ";"jesteœmy";"karmiæ";"ka¿da";"ka¿dej";"ka¿dy";"ka¿dym";"kilka";"kobiet";"kobieta";"koñców";"koñcu";"koron¹";"koœcio³a";"kraj";"kraju";"kroków";"królewskich";"ksiê¿yc";"któr¹";"las";"lata";"ledwie";"lekko";"lepiej";"le¿a³";"los";"ludzi";"ludzie";"ludzkiej";"³zami";"macka";"malutki";"mam";"matka";"mego";"mê¿czyzn";"mê¿ów";"mia³a";"miasta";"miecz";"miejsca";"miejsce";"miejscu";"mieli";"miêdzy";"mn¹";"mocno";"mogê";"mog³em";"moich";"moim";"moje";"molestowania";"morza";"morzu";"móg³";"mój";"mówi";"mówili";"mówi³";"musia³";"musieli";"musimy";"naczynia";"nadal";"nagle";"najpierw";"najwiêcej";"naprzeciw";"nasze";"naszego";"naszej";"nazywa³";"ni¹";"niczym";"niech";"niechêtnie";"niego";"niektóre";"niemu";"niewiele";"nigdy";"nikt";"noc";"nocy";"obce";"obu";"ockn¹³";"oczach";"oczami";"oczu";"oczy";"oczywiœcie";"odpocz¹æ";"odpowiada³";"odpowiedzialnoœci";"odpowiedzia³";"odrzuci³a";"odwróci³";"ofiarê";"ogarnê³a";"ognia";"ogóle";"ojca";"ona";"oni";"opar³a";"opowiada³";"opuœci³a";"osoby";"osób";"ostatecznie";"ostatnim";"ostro¿nie";"owiec";"pana";"panie";"panu";"parê";"pe³ne";"pe³ni";"pewne";"pewnego";"pewnie";"piersi";"pierwszy";"pierwszym";"piêkna";"pi³";"pochodni";"poci¹gn¹³";"pokoju";"pole";"pomiêdzy";"porz¹dku";"pos³añca";"pos³añców";"postanowili";"poszed³";"poœród";"potem";"powiedzia³";"powiedzieæ";"powierzchniê";"powodu";"powoli";"powsta³a";"pozostanie";"pozwala";"pozwoli³";"pó³nocy";"prawa";"prawdopodobnie";"prostu";"proszê";"próbowa³a";"próbuj¹c";"przecie¿";"przeciw";"przeciwko";"przyjemne";"przypadkach";"przysz³a";"psy";"psychiatrzy";"raczej";"ramiona";"razem";"razu";"rêce";"rêk¹";"rêkê";"roboty";"rozpoznawa³";"ród";"równie";"ryba";"rzeczywistoœci";"rzek³";"rzekomego";"sam";"sama";"sami";"schody";"seksualnego";"serca";"siebie";"siedzia³";"siedzieli";"si³a";"ska³";"skierowa³";"s³owa";"s³owem";"smoka";"sob¹";"spod";"sposobem";"spoœród";"sta³o";"stanie";"stanowi¹";"stole";"stó³";"stron";"strona";"stronie";"strony";"swe";"swego";"swej";"swoich";"swoim";"swoj¹";"swój";"swych";"swym";"syn";"syna";"synu";"szcz¹tków";"sztywno";"szukaæ";"szybko";"œmieræ";"œwiata";"œwiat³o";"takim";"terapeuci";"terapeutów";"trochê";"trzech";"trzej";"trzy";"trzyma³";"tu¿";"twarz";"twarzy";"twego";"twoja";"twoje";"twój";"twych";"tygodniu";"tyle";"ty³";"tysiêcy";"uczynili";"uniós³";"upomnij";"ustach";"uszu";"uwagê";"uwagi";"wam";"wargi";"was";"wci¹¿";"wed³ug";"wesz³a";"wesz³o";"weŸ";"widok";"widz¹c";"wiecznie";"wiedzia³a";"wiele";"wielk¹";"wielki";"wielkie";"wielkiego";"wielkim";"wielu";"wiem";"wiêcej";"wiêkszoœæ";"wina";"winy";"wkrótce";"w³asne";"w³aœciwie";"w³osów";"wobec";"woda";"wody";"wodzie";"wojny";"wojska";"wokó³";"wolna";"wp³ywem";"wra¿enia";"wróci³a";"wróci³em";"wschód";"wszyscy";"wszystkich";"wszystkie";"wtedy";"wydaje";"wyjaœniæ";"wys³a³";"wzrok";"zacz¹³";"zaczêli";"zaczê³a";"zanim";"zapad³a";"zapomniane";"zaraz";"zarazem";"zatem";"zawsze";"zbudzi³";"zbyt";"zdj¹³";"zêby";"zgodnie";"ziemi";"zimna";"zjawisk";"z³o¿yæ";"znamy";"znów";"zobaczy³";"zosta³a";"zosta³o";"zreszt¹";"zrzuci³a";"zupe³nie";"zwi¹zane";"zwi¹zku";"zwracaj¹c";"zwyciêstwa";"zza";"¿adne";"¿adnych";"¿ycie";"¿yciu";"¿ywe";"¿ywego"
"A.Sapkowski_Miecz_przeznaczenia_fragment";0,0701786049786207;0;0;0;0;0;0;0;0;0,0701786049786207;0,0851776434586503;0;0;0;0;0,0851776434586503;0;0;0;0;0;0;0;0;0;0;0;0,0512820512820513;0;0;0;0;0;0;0;0;0,0512820512820513;0;0;0;0;0;0;0;0;0;0;0;0;0;0;0;0;0,0851776434586503;0;0;0;0;0;0;0;0,0851776434586503;0;0;0;0;0;0;0;0;0;0;0;0;0;0;0,0851776434586503;0;0;0;0;0;0;0;0;0;0;0;0;0;0;0;0;0;0;0;0;0,0851776434586503;0;0;0;0;0;0;0;0;0;0;0;0;0;0;0;0;0;0;0;0;0;0;0;0,0701786049786207;0,0851776434586503;0;0,0851776434586503;0;0;0;0;0;0;0;0;0;0;0;0;0;0;0;0;0;0;0;0;0;0;0;0;0;0;0,0701786049786207;0;0;0;0;0;0;0;0;0;0,0701786049786207;0;0,0512820512820513;0;0;0;0;0;0,0851776434586503;0;0;0,0851776434586503;0;0;0;0;0;0;0;0;0;0;0;0;0,0388352095597374;0;0;0;0;0;0;0;0;0;0;0;0;0;0;0;0;0,0701786049786207;0;0;0;0;0;0;0;0;0;0;0;0;0,170355286917301;0;0;0;0;0;0;0;0;0;0;0;0;0;0,0851776434586503;0;0;0;0;0;0;0;0;0;0;0;0;0;0;0;0,0851776434586503;0;0;0;0;0;0;0;0;0;0;0;0;0;0;0;0,0701786049786207;0;0;0;0;0;0;0;0;0;0;0;0;0;0,0701786049786207;0;0;0;0;0;0;0;0;0;0;0;0;0;0;0,0701786049786207;0;0;0;0;0;0;0;0,0851776434586503;0;0;0,0701786049786207;0;0;0;0;0;0;0,0701786049786207;0;0;0;0;0;0;0;0;0;0;0;0;0;0;0;0;0;0;0;0;0,0851776434586503;0;0;0;0;0;0;0;0;0;0;0;0;0,0851776434586503;0;0;0;0;0;0;0;0;0;0;0;0;0;0;0;0;0;0;0;0;0;0;0;0;0;0;0;0;0;0;0;0;0;0;0;0;0;0;0;0;0;0,0851776434586503;0;0;0;0;0;0;0;0;0,140357209957241;0;0;0;0;0;0;0;0;0;0;0;0,044537579337595;0;0;0;0;0,170355286917301;0;0;0;0;0;0;0;0;0;0;0;0;0;0;0;0;0;0;0;0;0;0;0;0;0;0;0;0;0;0;0;0,0851776434586503;0;0;0;0;0;0
"A.Sapkowski_Ostatnie_¿yczenie_fragment";0;0;0;0;0,0754983657928946;0;0;0;0;0;0;0;0;0;0;0;0;0;0;0;0,0622037635037774;0;0,0622037635037774;0;0;0;0;0;0;0;0;0;0;0;0;0;0;0;0;0;0;0,0754983657928946;0;0;0;0;0;0;0;0;0;0;0,0754983657928946;0;0;0;0;0;0;0;0;0;0;0;0;0;0;0;0;0;0;0;0,150996731585789;0;0,0754983657928946;0;0;0;0;0;0;0;0,0622037635037774;0;0;0;0;0;0;0;0;0;0;0;0,0344221175643127;0,0754983657928946;0;0;0;0;0;0;0;0;0;0,0754983657928946;0;0;0;0;0;0;0;0;0;0;0;0;0;0;0;0;0;0;0;0;0;0;0;0,0754983657928946;0;0;0;0;0;0;0;0;0;0;0;0;0;0;0;0;0;0;0;0;0;0;0;0;0;0;0;0;0;0;0;0,0622037635037774;0,0754983657928946;0;0;0;0;0;0;0;0;0;0,0754983657928946;0;0;0;0;0;0;0;0;0;0;0;0;0,0688442351286254;0;0;0;0;0;0;0;0;0,0622037635037774;0;0;0;0;0,0789529815530094;0;0;0;0;0,0754983657928946;0,0754983657928946;0;0;0;0;0;0;0;0;0,0754983657928946;0;0;0;0;0;0;0,186611290511332;0;0;0;0;0;0;0;0;0;0;0,0754983657928946;0;0;0;0;0;0;0;0;0,0454545454545455;0;0;0;0;0;0,0754983657928946;0;0;0;0;0;0,0622037635037774;0;0;0;0;0;0;0;0;0;0;0;0;0;0;0;0;0,0754983657928946;0;0;0;0,0754983657928946;0;0;0;0;0;0;0;0;0;0;0;0;0;0;0;0;0;0;0;0;0;0;0;0;0;0;0;0;0;0,0754983657928946;0;0;0;0;0;0;0;0;0;0;0;0;0;0;0;0;0;0;0;0,0454545454545455;0;0;0;0;0;0;0;0;0;0;0;0;0;0;0;0;0;0;0;0,105542186131244;0,0754983657928946;0;0;0;0;0;0;0;0,0754983657928946;0;0;0;0;0;0;0;0;0;0;0;0;0;0,0754983657928946;0;0;0;0;0;0;0;0;0;0,0527710930656219;0;0;0;0;0;0;0;0;0;0;0;0;0;0;0;0;0;0;0;0;0;0;0;0;0;0;0;0;0;0;0;0;0;0;0;0;0;0;0;0;0;0;0;0,0754983657928946;0;0;0;0;0;0;0;0;0;0;0,0754983657928946;0;0;0;0,0754983657928946;0;0;0;0;0;0;0;0;0;0;0;0
"A.Sapkowski_Pani_Jeziora_fragment";0;0;0;0;0;0;0;0;0,0408502327487493;0,0408502327487493;0;0;0;0;0;0;0;0;0,0495810163416024;0;0;0;0,0408502327487493;0;0;0;0;0;0;0;0;0,0495810163416024;0;0;0;0;0,0298507462686567;0;0,0298507462686567;0;0;0;0;0,0298507462686567;0;0;0;0;0;0;0;0;0;0,0991620326832048;0;0;0;0;0,0495810163416024;0,0408502327487493;0;0;0;0;0;0;0;0;0;0;0;0,0495810163416024;0,0991620326832048;0;0,0495810163416024;0;0;0;0;0;0;0;0,0408502327487493;0;0;0;0;0;0;0;0;0;0;0,0346556432072741;0,0226055697437277;0;0;0;0;0;0;0;0;0,0408502327487493;0;0;0;0;0;0;0;0;0;0;0;0;0,0408502327487493;0,0495810163416024;0;0;0;0;0;0;0;0;0;0,0495810163416024;0;0;0;0;0;0;0;0;0;0;0;0;0;0;0;0;0;0;0;0,0495810163416024;0;0;0;0;0;0;0;0;0;0;0;0;0;0;0;0;0;0;0;0;0,0495810163416024;0;0;0;0;0;0;0,0495810163416024;0;0;0;0;0;0;0,0693112864145481;0;0;0;0,0991620326832048;0;0;0;0;0;0;0;0;0;0;0;0;0;0;0;0;0;0;0;0;0;0;0;0;0;0,0346556432072741;0;0;0;0;0;0;0;0;0,0408502327487493;0;0;0;0;0;0;0;0;0;0;0;0;0;0;0,0495810163416024;0;0,0495810163416024;0;0;0;0;0;0;0;0;0;0;0;0;0,0495810163416024;0;0,0408502327487493;0;0;0;0;0;0;0;0;0;0;0;0;0;0;0;0,0495810163416024;0;0;0;0,0298507462686567;0;0;0;0;0;0;0;0,0495810163416024;0;0;0;0,0495810163416024;0;0;0,025924859614421;0,0408502327487493;0;0;0;0;0;0;0;0;0,0495810163416024;0,0495810163416024;0;0;0;0;0;0;0;0;0;0;0;0,0408502327487493;0;0;0;0;0;0;0;0;0;0;0;0;0;0;0;0;0;0;0;0;0;0;0;0;0;0;0;0;0;0;0;0,0495810163416024;0;0;0;0;0;0;0;0;0;0;0;0;0,0495810163416024;0;0;0,0495810163416024;0;0;0;0,0495810163416024;0;0;0;0;0;0;0;0;0,0495810163416024;0;0;0;0;0,0693112864145481;0;0;0;0;0;0;0;0;0;0;0;0;0;0,0495810163416024;0,0597014925373134;0,0817004654974987;0;0;0;0;0;0,0495810163416024;0;0;0;0,0298507462686567;0;0;0;0;0;0;0;0;0;0;0;0;0,0495810163416024;0;0;0;0;0;0;0;0,0408502327487493;0;0;0,0408502327487493;0,0495810163416024;0;0;0;0;0;0;0;0;0,0408502327487493;0;0;0;0;0,0495810163416024;0;0,0495810163416024;0;0;0,0495810163416024;0
"A.Sapkowski_Wie¿a_Jaskó³ki_fragment";0;0,021978021978022;0;0,0365047043394216;0;0;0;0;0;0;0;0;0;0;0;0;0;0;0;0;0,0300765449908374;0;0;0;0,0255156933504106;0;0,0365047043394216;0,021978021978022;0;0;0;0;0;0,0300765449908374;0;0;0;0;0;0;0;0;0,0255156933504106;0;0;0;0;0;0;0,0365047043394216;0,043956043956044;0;0;0;0;0;0,0255156933504106;0;0;0;0;0;0;0;0;0;0;0;0;0,0300765449908374;0;0;0;0,0300765449908374;0;0,0300765449908374;0;0;0;0;0,0365047043394216;0;0;0;0;0;0;0;0;0;0;0,0190875340018264;0;0,0255156933504106;0;0;0;0;0;0,0300765449908374;0;0;0;0;0;0;0;0;0;0,0365047043394216;0;0;0;0;0,0255156933504106;0;0,0300765449908374;0;0;0;0;0;0;0;0;0;0,0300765449908374;0;0;0;0,0365047043394216;0;0;0;0;0,0300765449908374;0;0;0;0,0365047043394216;0;0;0;0,0300765449908374;0;0,0765470800512317;0,0365047043394216;0;0,0365047043394216;0;0;0,0300765449908374;0;0;0,0300765449908374;0;0;0;0,0365047043394216;0;0;0;0;0;0,0300765449908374;0;0;0;0;0;0,0365047043394216;0;0;0;0;0;0;0;0;0;0;0;0,0255156933504106;0;0;0,0332873224797749;0;0;0,0365047043394216;0;0;0;0;0;0;0;0;0;0;0,0381750680036529;0;0;0;0,0365047043394216;0;0;0,0365047043394216;0;0,0365047043394216;0;0;0;0;0;0;0;0;0;0;0;0;0,0300765449908374;0;0;0,0300765449908374;0,0300765449908374;0;0;0;0;0;0;0;0,0365047043394216;0;0,0365047043394216;0;0;0;0;0;0;0;0;0;0;0;0;0;0,0300765449908374;0;0;0,0255156933504106;0;0;0;0;0;0;0;0;0;0,0300765449908374;0,0365047043394216;0;0;0;0;0,0365047043394216;0;0;0,0365047043394216;0;0,021978021978022;0;0;0;0;0,0300765449908374;0,0365047043394216;0;0;0;0;0;0;0,0601530899816749;0;0;0,0300765449908374;0;0,0365047043394216;0;0;0;0;0;0;0;0;0;0;0,0730094086788431;0;0;0,0365047043394216;0;0,0300765449908374;0;0;0;0;0;0;0;0;0;0;0;0;0;0;0;0;0;0;0;0;0;0,0365047043394216;0;0,0300765449908374;0;0;0,0365047043394216;0,0365047043394216;0;0;0,0300765449908374;0;0;0;0;0;0;0,0730094086788431;0;0;0;0;0;0;0;0;0;0;0;0;0,0365047043394216;0;0;0,0365047043394216;0;0,109514113018265;0;0,0255156933504106;0;0;0;0,0300765449908374;0;0,0300765449908374;0;0;0,021978021978022;0;0;0;0;0,0300765449908374;0;0;0;0;0;0;0;0;0;0;0;0;0;0;0;0;0;0;0;0;0;0;0;0,021978021978022;0;0;0,0255156933504106;0;0;0;0;0;0;0;0;0;0;0;0;0;0,0300765449908374;0;0;0;0,0300765449908374;0;0;0;0;0;0;0;0;0;0;0,0255156933504106;0;0;0;0;0,0365047043394216;0;0;0;0;0;0;0;0
"Bhagawatam_Œrimad_Damodara_lila_fragment";0;0;0;0,0299272801341204;0,0299272801341204;0,0209182711251114;0;0;0;0;0;0,024657347695191;0;0,024657347695191;0;0;0,0299272801341204;0;0;0;0;0;0;0;0;0,024657347695191;0;0,018018018018018;0,024657347695191;0;0,0299272801341204;0;0;0;0;0;0;0;0;0;0;0,0299272801341204;0,0418365422502227;0;0;0;0;0;0;0,0299272801341204;0;0;0;0;0;0;0;0;0;0;0;0;0;0,0299272801341204;0;0,024657347695191;0;0;0;0;0;0;0;0;0;0;0;0;0;0,0299272801341204;0;0;0;0;0,0299272801341204;0;0;0;0;0;0;0,015648338686182;0;0;0;0;0;0;0;0;0;0;0;0;0;0;0;0;0;0,0299272801341204;0;0;0;0,0209182711251114;0;0;0;0;0,0299272801341204;0;0;0;0;0;0;0;0;0;0;0;0;0;0;0;0;0;0;0,0299272801341204;0;0;0;0,0897818404023611;0;0;0;0,0209182711251114;0;0;0,0299272801341204;0,0299272801341204;0;0;0,024657347695191;0;0;0;0;0;0;0;0;0;0;0;0;0;0;0;0;0;0;0,0897818404023611;0;0;0;0;0;0;0;0;0;0;0,0418365422502227;0;0;0,04093441007648;0;0;0;0;0;0;0;0;0;0;0,0299272801341204;0;0;0;0,0299272801341204;0;0;0;0;0;0;0;0;0,0739720430855731;0;0;0,0209182711251114;0;0;0;0,0299272801341204;0;0;0,0299272801341204;0;0;0;0,0598545602682408;0;0,024657347695191;0;0,0299272801341204;0;0;0,0418365422502227;0;0,119709120536482;0;0;0;0;0;0;0;0;0;0;0;0;0;0;0;0;0;0;0;0,0209182711251114;0;0;0;0;0,0598545602682408;0;0;0;0;0;0,0598545602682408;0,0299272801341204;0;0;0;0;0;0;0;0;0;0;0,024657347695191;0;0;0;0;0;0;0;0;0;0;0,024657347695191;0;0;0;0;0;0;0;0,0209182711251114;0,024657347695191;0;0;0;0;0;0;0;0;0;0;0;0;0;0;0;0;0;0;0;0;0,0299272801341204;0,0627548133753341;0,0299272801341204;0;0,0299272801341204;0,024657347695191;0;0,0312966773723641;0;0;0,0299272801341204;0;0;0;0,0299272801341204;0;0;0;0;0;0;0;0;0;0;0;0;0;0,0209182711251114;0;0;0;0;0;0;0,0299272801341204;0;0;0;0;0;0;0;0;0;0;0;0;0;0;0;0;0;0;0,024657347695191;0,0493146953903821;0,0299272801341204;0,0299272801341204;0,036036036036036;0;0;0;0;0,024657347695191;0;0;0,018018018018018;0;0;0;0;0;0;0,0299272801341204;0;0;0;0;0;0;0,0299272801341204;0;0,024657347695191;0;0,0299272801341204;0;0;0;0,0299272801341204;0,015648338686182;0,104591355625557;0;0;0;0;0,0493146953903821;0;0,0739720430855731;0;0;0;0;0;0;0,024657347695191;0;0;0;0;0,0299272801341204;0;0;0;0;0;0,0739720430855731;0;0;0;0;0;0;0,0299272801341204;0;0;0;0;0;0;0,0209182711251114;0;0;0
"C.Sagan_Kontakt_fragment";0;0,0384615384615385;0;0;0;0;0;0;0;0;0;0;0;0;0,0638832325939877;0;0;0;0;0;0;0;0;0;0;0;0;0;0;0;0;0;0;0;0;0;0;0;0;0;0;0;0;0,0384615384615385;0,0638832325939877;0;0,0638832325939877;0;0;0;0;0;0;0;0;0;0;0;0;0;0;0;0;0;0,0638832325939877;0;0,0638832325939877;0;0;0;0;0;0;0;0;0;0;0;0;0;0;0;0;0,0638832325939877;0;0;0;0;0;0,0638832325939877;0;0;0,0638832325939877;0;0;0;0;0;0;0;0;0;0,0526339537339655;0;0;0;0;0;0,127766465187975;0;0;0;0;0;0;0;0;0;0;0;0;0;0;0;0;0;0;0;0;0;0;0;0;0;0,0384615384615385;0;0,0638832325939877;0;0,0638832325939877;0;0;0;0;0;0;0;0;0;0;0;0;0;0;0;0;0;0;0;0;0;0,0638832325939877;0;0;0;0;0,0638832325939877;0;0;0;0;0;0;0;0;0;0;0;0;0;0,0638832325939877;0;0;0;0;0;0;0;0;0;0;0;0;0;0,0526339537339655;0;0;0;0;0;0;0;0;0;0,0638832325939877;0;0;0;0;0;0;0;0;0;0;0;0;0;0,127766465187975;0,255532930375951;0;0;0;0;0;0;0;0;0;0;0;0;0;0;0;0;0;0;0;0;0;0;0;0;0;0;0;0;0;0;0;0;0;0;0;0;0;0;0;0;0;0;0;0;0;0;0;0;0;0;0;0;0;0,0638832325939877;0,0384615384615385;0;0;0;0;0;0;0;0;0;0,0638832325939877;0;0;0;0,0638832325939877;0;0;0;0;0,0638832325939877;0;0,089304926726437;0;0;0;0;0;0;0;0;0;0;0;0;0;0,0526339537339655;0,0638832325939877;0;0;0;0;0;0;0;0;0;0;0;0,0526339537339655;0;0,0334031845031963;0;0;0;0;0;0;0;0;0;0;0;0;0,127766465187975;0,0638832325939877;0;0;0;0;0;0;0;0;0;0;0;0;0;0;0;0;0;0,0638832325939877;0;0;0;0;0;0;0;0;0;0;0;0;0;0;0;0;0;0;0,0769230769230769;0;0;0;0;0;0;0;0;0,0638832325939877;0,0638832325939877;0,0638832325939877;0;0;0;0;0;0;0;0;0;0;0;0;0,105267907467931;0;0;0;0;0;0;0;0;0,0638832325939877;0;0;0;0;0;0;0;0;0,0638832325939877;0;0;0;0;0;0;0;0;0;0;0;0;0;0;0;0;0;0,0638832325939877;0;0;0;0;0;0;0;0;0;0;0;0;0;0
"C.Sagan_Kontakt_fragment2";0;0;0;0;0;0;0;0;0;0;0;0;0;0;0;0;0;0,0684241398541552;0;0;0;0,166096404744368;0;0;0,116096404744368;0,0684241398541552;0;0;0;0,0684241398541552;0;0;0,0580482023721841;0;0;0;0;0,0684241398541552;0;0;0;0;0;0;0;0;0;0;0;0;0;0;0;0;0;0;0;0;0;0;0;0;0;0;0;0;0;0;0;0;0,05;0;0;0,0684241398541552;0;0;0;0;0;0;0;0;0;0;0;0;0;0;0;0;0;0;0;0,0580482023721841;0;0;0;0;0;0;0;0;0;0;0;0;0;0,0830482023721841;0;0;0;0;0;0,0580482023721841;0;0;0;0;0;0;0;0;0;0;0;0;0;0;0;0;0;0,0830482023721841;0;0;0;0;0;0;0;0;0,0830482023721841;0,166096404744368;0;0;0;0;0;0;0;0;0;0;0;0;0;0;0;0;0;0;0;0;0;0;0;0;0;0;0;0;0;0;0;0;0;0;0;0;0;0;0;0;0;0;0;0;0;0;0,0830482023721841;0,0684241398541552;0;0;0;0;0;0;0;0;0;0;0;0;0;0;0;0;0;0;0;0;0;0,0684241398541552;0;0;0;0;0;0;0;0;0;0;0;0;0;0;0;0;0;0;0;0,0830482023721841;0;0;0;0;0;0;0;0;0;0;0;0;0;0;0;0;0;0;0;0;0;0;0;0;0;0;0;0;0;0;0;0;0,0830482023721841;0;0;0;0,0830482023721841;0;0;0;0;0;0;0;0;0;0;0;0;0;0;0;0;0;0;0;0;0;0;0;0;0;0;0;0;0;0;0;0,0580482023721841;0;0;0;0;0;0;0;0;0;0;0;0;0;0;0;0;0;0;0,0684241398541552;0,0830482023721841;0,0684241398541552;0;0;0,05;0;0;0;0;0;0;0;0,0830482023721841;0;0;0;0;0;0;0;0;0;0;0;0;0;0;0,0830482023721841;0,0830482023721841;0;0,0830482023721841;0;0;0;0;0;0;0;0;0;0;0;0;0;0;0,116096404744368;0;0;0;0;0;0;0;0,0830482023721841;0;0;0;0;0,0830482023721841;0;0;0;0,05;0;0;0;0;0;0;0;0;0;0;0;0;0;0;0;0;0;0;0;0;0;0;0;0;0;0;0;0;0;0;0;0;0;0;0;0;0;0;0;0;0;0;0;0;0;0;0;0;0;0;0;0;0,0580482023721841;0;0;0;0;0;0;0;0;0;0;0,0830482023721841;0;0
"C.Sagan_Miliardy_Miliardy";0;0;0;0;0;0;0;0;0;0;0;0;0;0,0337896986934099;0,0410114579615724;0;0;0,0337896986934099;0;0;0;0;0;0;0;0;0;0;0,0337896986934099;0;0;0,0410114579615724;0,0286657789492267;0;0;0;0;0;0;0;0,0286657789492267;0;0;0;0;0,0410114579615724;0;0;0;0;0;0;0,0410114579615724;0;0;0,0410114579615724;0,0286657789492267;0,0410114579615724;0;0,0337896986934099;0,0820229159231447;0;0;0;0;0,0337896986934099;0;0;0,0337896986934099;0,0337896986934099;0;0;0;0;0;0;0;0;0;0;0;0;0;0;0;0;0;0;0;0;0,0337896986934099;0;0;0;0;0;0;0;0;0;0;0;0;0;0,0410114579615724;0,0410114579615724;0;0;0;0;0,0820229159231447;0,0820229159231447;0;0,0286657789492267;0,0286657789492267;0,0410114579615724;0;0;0;0;0;0,0675793973868199;0,0410114579615724;0;0;0;0;0;0,0410114579615724;0;0;0;0;0;0,0246913580246914;0,16894849346705;0;0;0;0;0;0;0;0,0337896986934099;0;0;0;0;0;0;0;0;0,0337896986934099;0;0;0;0;0;0;0;0;0;0;0;0;0;0;0;0;0,0410114579615724;0;0;0;0;0,0410114579615724;0;0;0;0;0;0;0;0;0;0,0410114579615724;0;0,0410114579615724;0;0;0;0,0410114579615724;0;0;0;0,0337896986934099;0;0;0;0;0;0,0410114579615724;0;0;0;0;0;0;0;0;0;0,0337896986934099;0;0;0;0;0;0;0;0,0410114579615724;0;0,0410114579615724;0;0;0;0;0;0;0;0,0410114579615724;0,0410114579615724;0;0;0;0,0410114579615724;0;0;0;0;0;0;0;0;0;0;0;0;0;0;0;0;0;0;0,0286657789492267;0;0,0410114579615724;0,0410114579615724;0;0;0;0,0410114579615724;0;0,0337896986934099;0;0;0;0;0;0,0410114579615724;0;0;0;0;0;0;0;0,0337896986934099;0;0;0;0;0;0;0;0;0;0;0;0;0;0,0337896986934099;0,0337896986934099;0;0;0;0,0286657789492267;0;0;0;0;0;0;0;0;0;0;0;0,0337896986934099;0;0;0;0;0;0,0820229159231447;0,0337896986934099;0,0337896986934099;0,0410114579615724;0;0;0;0;0;0;0;0,0428880393621286;0;0;0;0;0;0;0;0;0;0;0;0;0;0;0;0;0;0;0;0;0;0;0;0;0;0;0;0;0;0;0,0410114579615724;0;0;0;0;0;0;0;0;0;0;0;0;0;0;0;0;0;0;0;0,0246913580246914;0;0;0;0;0;0,0859973368476801;0;0;0,0410114579615724;0;0;0;0;0;0;0;0;0;0;0,0410114579615724;0;0;0;0;0;0;0;0;0;0;0;0;0;0;0;0;0;0;0;0,0410114579615724;0;0;0;0;0;0;0;0;0;0;0;0;0;0;0;0;0;0;0;0;0;0;0;0;0,0410114579615724;0;0;0;0;0;0;0;0;0,0410114579615724
"C.Sagan_Swiat_nawiedzany_przez_demony_fragment";0;0,0689655172413793;0;0;0;0;0;0;0;0;0;0;0;0;0;0;0;0;0;0;0;0;0;0;0;0;0;0;0;0;0;0;0;0;0;0;0,0344827586206897;0;0;0;0;0;0;0;0;0,0572746223256442;0;0;0,114549244651288;0;0;0;0;0;0;0;0;0;0;0;0;0;0;0;0;0;0;0;0;0;0;0;0;0;0;0,0943781239367657;0;0;0;0;0;0;0;0;0;0,0572746223256442;0;0;0;0;0;0,0598953653160761;0,114549244651288;0;0;0;0;0;0;0;0;0;0;0;0;0;0,0400332430152993;0;0;0;0;0;0,0572746223256442;0;0;0;0;0;0;0;0;0;0;0;0;0;0;0;0;0;0;0;0;0;0,0689655172413793;0;0,0572746223256442;0;0,0572746223256442;0;0;0;0;0;0;0;0;0;0;0;0;0;0;0;0;0;0;0;0;0;0,0572746223256442;0;0;0;0;0;0;0;0;0;0,0572746223256442;0;0;0;0;0;0;0;0,0572746223256442;0,0572746223256442;0;0;0;0;0;0;0;0;0;0;0;0;0;0,0943781239367657;0;0;0;0;0;0;0;0;0;0;0;0;0;0;0;0;0;0;0;0;0;0;0;0,114549244651288;0;0;0;0;0;0;0;0;0;0;0;0;0;0;0;0;0;0;0;0;0;0;0;0,0344827586206897;0;0;0;0;0;0;0;0;0;0;0;0;0;0;0,0572746223256442;0;0;0;0,0572746223256442;0;0;0;0;0;0;0;0;0,0572746223256442;0;0;0,0572746223256442;0;0;0;0;0;0;0;0;0;0;0;0;0,0572746223256442;0;0,0572746223256442;0;0;0;0;0,0572746223256442;0;0;0;0;0;0;0;0;0;0;0;0;0;0;0;0;0,114549244651288;0;0;0;0;0;0;0;0;0;0,0471890619683829;0;0;0;0,029947682658038;0,0344827586206897;0;0;0;0;0;0;0,0471890619683829;0;0,0471890619683829;0;0;0,0572746223256442;0,171823866976933;0;0;0;0;0;0;0;0;0;0;0;0;0;0;0,0471890619683829;0;0;0;0;0;0;0;0,0572746223256442;0,0572746223256442;0;0;0;0;0;0;0;0;0;0;0;0;0;0;0;0;0;0;0,120099729045898;0;0;0;0;0;0;0,0471890619683829;0;0;0;0;0;0;0;0;0;0;0;0;0;0;0;0;0;0;0;0;0,0572746223256442;0;0;0;0;0;0;0;0;0;0;0;0;0;0;0;0;0;0;0;0,0572746223256442;0;0,0572746223256442;0;0;0;0;0;0;0;0;0;0,0572746223256442;0;0;0;0;0,0400332430152993;0;0;0
"J.R.R.Tolkien_Dwie-Wie¿e_fragment";0;0;0;0;0;0;0;0;0;0;0;0;0;0;0;0;0;0;0;0,107158970802818;0;0;0;0;0;0;0;0;0;0;0;0;0;0;0;0;0;0;0;0;0;0;0,0749009062866891;0,0645161290322581;0;0;0;0;0;0;0,0645161290322581;0;0;0;0,0882892127150389;0;0;0;0;0;0;0;0;0;0;0;0;0;0;0;0;0;0;0;0;0;0;0;0,107158970802818;0;0;0;0;0;0;0;0,0882892127150389;0;0;0;0;0;0;0;0;0;0;0;0,107158970802818;0;0;0;0;0;0;0;0;0;0;0;0;0;0;0;0;0;0;0;0;0,107158970802818;0;0;0;0;0;0;0;0;0;0;0;0;0;0;0;0;0;0;0;0;0;0;0;0;0;0;0;0;0;0;0;0;0;0;0;0;0;0;0;0;0;0;0;0;0;0;0;0;0;0;0;0;0;0,0560311481989099;0;0;0;0;0;0;0;0;0;0;0,107158970802818;0;0;0;0;0;0;0,107158970802818;0,107158970802818;0;0;0;0;0;0,107158970802818;0;0;0;0;0;0;0;0;0;0;0;0;0;0;0;0;0;0;0;0;0;0;0;0;0;0;0;0;0;0;0;0;0;0;0;0;0;0;0;0;0;0;0,0645161290322581;0;0;0;0,107158970802818;0;0;0;0;0;0;0;0;0;0;0;0,107158970802818;0,107158970802818;0;0;0;0;0;0;0;0;0;0;0;0;0;0;0;0;0;0,107158970802818;0;0;0;0;0,107158970802818;0;0;0;0;0;0;0,0560311481989099;0;0;0;0;0;0;0;0;0;0;0;0;0;0;0;0;0,107158970802818;0;0;0;0;0;0;0;0;0;0;0;0;0;0;0;0;0;0;0;0;0;0;0;0;0;0;0;0;0;0;0;0;0;0;0,107158970802818;0;0;0;0;0;0;0;0;0;0;0;0;0;0;0;0;0;0;0;0;0;0;0;0;0;0;0;0;0;0;0;0;0;0;0;0;0;0;0;0;0;0;0;0;0;0,107158970802818;0;0;0;0;0;0,0645161290322581;0;0;0;0;0;0;0;0;0;0,107158970802818;0,0645161290322581;0;0;0;0;0;0;0;0;0;0;0;0,107158970802818;0;0;0,107158970802818;0;0;0,107158970802818;0;0;0;0;0,0882892127150389;0;0;0;0;0;0;0;0;0;0;0;0;0;0;0;0;0;0;0;0;0;0
"J.R.R.Tolkien_Hobbit_fragment";0;0;0,0377491828964473;0;0;0;0;0;0;0;0,0377491828964473;0;0;0;0;0;0;0;0;0;0;0;0;0,0311018817518887;0;0;0,0377491828964473;0;0;0;0,0377491828964473;0;0;0;0;0,0377491828964473;0,0227272727272727;0;0,0454545454545455;0,0377491828964473;0,0263855465328109;0;0;0;0;0;0;0,0791566395984328;0;0;0;0;0;0;0,0311018817518887;0;0;0;0;0;0;0;0;0,0377491828964473;0,0377491828964473;0,0311018817518887;0,0377491828964473;0;0;0;0,0227272727272727;0;0;0;0;0;0;0,0377491828964473;0;0;0;0;0;0;0;0,0754983657928946;0;0;0;0;0;0,0197382453882523;0;0;0,0172110587821563;0;0,0311018817518887;0;0;0;0,0377491828964473;0,0311018817518887;0;0;0;0;0;0;0;0;0;0;0;0;0,0527710930656219;0;0;0;0;0;0;0;0;0;0;0;0;0,0377491828964473;0;0,0377491828964473;0;0;0,0377491828964473;0;0;0;0;0;0;0;0;0;0;0;0;0;0;0;0;0;0;0,0311018817518887;0;0;0;0;0;0;0;0;0;0;0;0,0227272727272727;0;0;0,0377491828964473;0;0;0;0;0;0;0,0197382453882523;0;0,0377491828964473;0;0;0;0;0,0377491828964473;0;0;0;0;0;0;0;0;0;0;0,0377491828964473;0;0;0;0,0377491828964473;0;0;0;0;0;0;0;0;0;0;0;0;0;0,0311018817518887;0,0311018817518887;0;0;0,0377491828964473;0;0,0377491828964473;0;0;0;0;0;0;0,0377491828964473;0;0;0;0;0;0;0;0;0;0;0;0;0;0;0,0377491828964473;0;0;0;0;0;0;0;0;0;0;0;0,0311018817518887;0;0;0;0;0;0;0;0;0;0;0;0;0;0;0;0;0;0;0;0;0;0,113247548689342;0;0;0;0;0;0,0311018817518887;0;0;0,0377491828964473;0;0;0,0377491828964473;0;0;0;0;0,0197382453882523;0;0;0;0;0;0;0;0,0754983657928946;0;0;0;0,0263855465328109;0,0311018817518887;0,0377491828964473;0;0,0377491828964473;0;0;0;0;0;0,0754983657928946;0,0622037635037774;0;0;0,0311018817518887;0;0;0;0;0;0;0;0;0;0,0227272727272727;0;0;0;0;0;0;0,0311018817518887;0;0;0,0377491828964473;0;0;0;0;0;0;0;0;0;0;0;0;0;0;0;0;0;0;0;0;0;0;0;0,0377491828964473;0,0377491828964473;0;0;0;0;0;0,0263855465328109;0;0;0,0377491828964473;0;0;0;0;0;0;0;0,0311018817518887;0;0;0;0,0263855465328109;0;0;0;0;0;0,0377491828964473;0,0311018817518887;0;0;0,0377491828964473;0;0;0;0;0;0,0754983657928946;0;0;0;0;0;0,0377491828964473;0,0227272727272727;0;0;0;0;0;0;0;0,0311018817518887;0,0377491828964473;0;0,0377491828964473;0,0377491828964473;0;0,0377491828964473;0;0;0;0;0;0;0;0;0;0;0;0;0;0;0;0;0;0;0;0,0311018817518887;0;0;0;0;0;0;0;0;0;0;0
"J.R.R.Tolkien_Powrót-Króla_fragment";0;0;0;0;0;0;0;0;0;0,109478623766648;0;0;0;0;0;0;0;0;0;0,132877123795494;0;0;0,109478623766648;0,109478623766648;0;0;0;0;0;0;0;0;0;0;0;0;0;0;0;0;0;0;0;0;0;0;0;0;0;0;0;0;0;0;0,109478623766648;0;0;0,132877123795494;0;0;0;0;0;0;0;0;0;0;0;0;0;0;0;0;0;0;0;0;0,132877123795494;0;0;0;0;0;0;0;0,109478623766648;0;0;0;0;0;0;0;0;0;0;0;0;0;0;0;0;0;0,132877123795494;0;0;0;0;0;0;0;0;0;0,0928771237954945;0;0;0;0;0;0;0;0;0,132877123795494;0;0;0;0;0;0;0;0;0;0;0;0;0;0;0;0;0;0;0;0;0;0;0;0;0;0;0;0;0;0;0;0;0;0;0;0;0;0;0;0,08;0;0;0;0;0;0;0;0;0;0;0;0;0;0;0;0;0;0;0;0;0;0;0;0;0;0;0;0;0;0;0;0,132877123795494;0;0;0;0;0;0,132877123795494;0;0;0;0;0;0;0;0;0;0;0;0;0;0;0;0;0;0;0;0;0;0;0,109478623766648;0;0,132877123795494;0;0;0;0;0,132877123795494;0;0;0;0;0;0,132877123795494;0,132877123795494;0;0;0;0;0;0;0;0;0;0,0928771237954945;0;0;0;0;0;0;0;0;0;0;0;0;0;0;0;0;0;0;0;0;0;0;0;0;0;0;0;0;0;0;0;0;0;0;0;0;0;0;0;0,138957247533296;0;0;0;0;0;0;0;0;0;0;0;0;0;0;0,0928771237954945;0;0;0;0;0;0;0;0;0;0;0;0;0;0;0;0;0;0;0;0;0;0;0;0;0;0;0;0;0;0;0;0;0;0;0;0;0;0;0;0;0;0;0;0;0;0;0;0;0;0;0;0;0;0;0;0;0;0;0;0;0;0;0;0;0;0;0;0;0;0;0;0;0;0;0;0;0;0;0;0;0;0;0;0;0;0;0;0;0;0;0;0;0;0,132877123795494;0;0;0;0;0;0;0;0;0;0;0;0;0;0;0;0;0;0;0;0;0;0;0;0;0;0;0;0;0;0;0;0;0;0;0;0;0;0,0928771237954945;0;0;0;0;0;0;0;0;0;0;0;0;0
"J.R.R.Tolkien_Wyprawa_frament";0,118998504094183;0;0;0;0;0;0;0;0;0;0;0;0;0;0;0;0;0;0;0;0;0;0;0;0;0;0;0;0;0;0;0;0;0;0;0;0;0;0;0;0;0;0;0;0;0;0;0;0;0;0;0,144431656299451;0;0;0;0;0;0;0;0;0;0;0;0;0;0;0;0;0;0;0,0869565217391304;0;0;0,118998504094183;0;0;0;0;0;0;0,144431656299451;0,144431656299451;0;0;0;0;0,237997008188366;0;0;0;0;0;0;0;0;0;0;0;0;0;0;0;0;0;0;0;0;0;0;0;0;0;0;0;0;0;0;0;0;0,144431656299451;0;0;0;0;0;0,144431656299451;0;0;0;0;0;0;0;0;0;0;0;0;0;0;0;0;0;0;0;0;0;0;0;0;0;0;0;0;0;0;0;0;0;0;0;0,118998504094183;0;0;0;0;0;0,118998504094183;0;0;0;0;0;0,0755202432246177;0;0;0;0;0;0;0;0;0;0;0;0;0;0;0;0,118998504094183;0;0;0;0;0;0;0;0;0;0,0755202432246177;0;0;0;0;0;0;0;0;0;0,118998504094183;0;0;0;0;0;0;0;0;0;0;0;0;0;0;0;0;0;0;0;0;0;0;0;0;0;0;0;0;0;0;0;0;0;0;0;0;0;0;0;0;0;0;0;0;0;0;0;0;0;0;0;0;0;0;0;0;0;0;0;0;0;0;0;0;0;0;0;0;0;0;0;0;0,144431656299451;0;0;0;0;0;0;0;0;0;0;0;0;0;0,144431656299451;0;0;0;0;0;0;0;0;0;0,118998504094183;0;0;0;0;0;0;0;0;0;0;0;0;0;0;0;0;0;0;0;0;0;0;0;0;0;0;0,118998504094183;0;0;0;0;0;0;0;0;0;0;0,100953395429885;0;0;0;0;0;0;0;0;0;0;0;0;0;0;0;0;0;0;0;0;0;0;0;0;0;0;0;0;0;0;0;0;0;0;0;0;0;0;0;0;0;0;0;0;0;0;0;0;0;0;0;0;0,144431656299451;0;0;0;0;0;0;0;0;0;0;0;0;0;0;0;0;0;0;0;0;0;0;0;0;0;0;0;0;0;0;0;0;0;0;0;0;0;0;0;0;0;0,144431656299451;0;0;0;0;0;0;0;0;0
"Komentarz_do_Ewangelii_wg_Œw._Mateusza_fragment";0;0,126984126984127;0;0;0;0;0;0;0;0;0;0,0434438983200985;0,0527290173791645;0;0;0;0;0;0;0;0;0;0;0;0,0368560015061486;0;0;0;0;0;0;0;0;0,0434438983200985;0;0,0527290173791645;0;0,0434438983200985;0;0;0;0;0;0;0;0;0;0;0;0;0;0;0;0;0;0;0;0;0;0;0;0;0;0;0;0;0;0;0,086887796640197;0;0;0;0;0;0;0;0;0;0;0;0;0;0;0;0;0;0;0,0527290173791645;0,0527290173791645;0,0527290173791645;0;0,0275708824470826;0;0;0;0;0;0;0;0;0;0;0,0434438983200985;0,0434438983200985;0;0;0,0368560015061486;0;0;0;0,0527290173791645;0,0527290173791645;0;0;0;0;0;0;0;0;0,0527290173791645;0;0;0;0;0;0;0;0;0;0;0,0527290173791645;0;0;0;0;0;0;0;0;0;0;0;0;0;0,0368560015061486;0;0;0;0;0;0;0;0;0;0;0;0;0;0,0368560015061486;0;0;0;0;0,0434438983200985;0;0;0;0;0;0;0;0;0;0;0;0;0;0;0;0;0;0;0,0527290173791645;0;0,0240408440131708;0;0;0;0;0;0;0;0;0;0;0;0;0;0,0275708824470826;0;0;0;0;0;0;0;0;0;0;0;0,0434438983200985;0;0;0,0527290173791645;0;0;0;0;0;0;0;0,105458034758329;0;0;0;0;0;0;0;0;0;0;0;0;0;0;0;0;0;0;0;0;0;0;0;0,0527290173791645;0,0527290173791645;0,0368560015061486;0;0;0;0;0;0;0;0;0;0;0;0;0,086887796640197;0;0;0;0,0368560015061486;0;0;0;0;0;0;0;0;0;0;0;0;0;0;0;0;0;0;0;0;0;0;0;0;0;0;0;0;0;0;0;0;0;0;0;0;0;0,0368560015061486;0;0;0;0;0;0;0;0;0;0;0;0;0;0,0368560015061486;0;0;0;0;0;0;0;0,0527290173791645;0;0,0527290173791645;0;0;0,0527290173791645;0;0;0;0;0;0;0;0,0434438983200985;0,0527290173791645;0,0527290173791645;0;0;0;0;0;0;0;0;0,0527290173791645;0;0;0;0;0;0;0;0,0527290173791645;0;0;0,0527290173791645;0;0,105458034758329;0;0,0527290173791645;0;0;0;0;0,0434438983200985;0;0;0;0;0;0;0;0;0;0;0;0;0,0317460317460317;0;0;0;0;0;0;0;0;0;0;0;0;0;0;0;0;0;0;0;0;0;0,0527290173791645;0;0;0;0;0;0;0;0;0;0;0;0;0;0;0,0527290173791645;0;0;0;0;0;0,0527290173791645;0,130331694960296;0;0;0;0;0;0;0,0368560015061486;0;0;0;0;0,0527290173791645;0;0;0;0;0;0;0;0;0;0
"£.Siatkowski_Opowieœci_biblijne_fragment";0,0262328970686857;0;0;0;0;0;0,0424527552062283;0,0318395664046712;0;0;0;0;0,0318395664046712;0,0262328970686857;0;0;0;0;0;0;0;0,0318395664046712;0;0;0,00741830062264333;0;0;0,00638977635782748;0,00874429902289523;0;0;0;0,02225490186793;0,00874429902289523;0,0106131888015571;0;0,00638977635782748;0;0,00638977635782748;0;0,0148366012452867;0;0;0;0;0;0;0,0296732024905733;0;0;0;0;0;0;0;0;0,00741830062264333;0;0;0,00874429902289523;0;0,0106131888015571;0,0212263776031141;0;0;0;0;0,0106131888015571;0;0;0,012779552715655;0;0;0;0;0;0,0106131888015571;0;0;0,0106131888015571;0;0;0,00874429902289523;0,0106131888015571;0,0106131888015571;0;0;0,0106131888015571;0,0106131888015571;0;0;0;0;0;0,00967778385194734;0,0212263776031141;0,0174885980457905;0;0;0,0437214951144761;0,0106131888015571;0;0,0174885980457905;0,00874429902289523;0;0;0;0,0318395664046712;0;0;0;0;0,0212263776031141;0;0;0,0212263776031141;0,0174885980457905;0;0;0;0;0,0174885980457905;0;0;0,0106131888015571;0;0;0;0,0106131888015571;0;0;0;0,0318395664046712;0,0106131888015571;0,00638977635782748;0,0174885980457905;0;0;0;0;0;0;0,0106131888015571;0,0174885980457905;0,0106131888015571;0;0,0212263776031141;0,0106131888015571;0;0;0;0;0,0262328970686857;0,0212263776031141;0,00874429902289523;0,0106131888015571;0;0,0106131888015571;0,0106131888015571;0,0148366012452867;0;0;0,0106131888015571;0,00638977635782748;0,00874429902289523;0,0318395664046712;0,0318395664046712;0,0262328970686857;0,0106131888015571;0;0;0,0106131888015571;0;0;0,0106131888015571;0;0,0212263776031141;0,0212263776031141;0,0106131888015571;0;0;0,0212263776031141;0;0,0212263776031141;0;0,043550027333763;0;0,0212263776031141;0;0,00874429902289523;0;0;0;0;0;0;0;0,0106131888015571;0;0,00554941084398149;0;0,0106131888015571;0,00874429902289523;0;0,0212263776031141;0;0;0,0318395664046712;0,0106131888015571;0;0;0,0174885980457905;0,00741830062264333;0;0;0;0,0106131888015571;0;0;0;0;0;0;0,0849055104124565;0,0174885980457905;0,0174885980457905;0;0,0106131888015571;0,0106131888015571;0;0,00741830062264333;0;0;0;0;0,0106131888015571;0;0;0;0;0,0106131888015571;0,00638977635782748;0;0,0106131888015571;0,0106131888015571;0;0,0106131888015571;0;0,0148366012452867;0,00874429902289523;0;0;0,02225490186793;0;0,0212263776031141;0,0212263776031141;0,0106131888015571;0;0;0,0106131888015571;0;0;0,00874429902289523;0;0;0,00741830062264333;0,0530659440077853;0,0424527552062283;0;0;0,0212263776031141;0;0;0;0;0;0;0,0437214951144761;0,0174885980457905;0,0106131888015571;0;0;0,0106131888015571;0;0;0;0,0612100931602666;0;0,011098821687963;0;0;0;0;0,0106131888015571;0;0;0;0,0106131888015571;0;0,0106131888015571;0,02225490186793;0;0;0,0148366012452867;0;0;0,00874429902289523;0,00874429902289523;0;0;0;0,00874429902289523;0;0;0;0;0;0,0519281043585033;0,0106131888015571;0;0;0;0,0212263776031141;0,00554941084398149;0,00638977635782748;0,0424527552062283;0,0424527552062283;0,0106131888015571;0;0;0;0;0;0;0;0;0;0;0;0,0106131888015571;0;0;0,0106131888015571;0;0;0;0,0212263776031141;0,0212263776031141;0;0,0424527552062283;0,0106131888015571;0;0,0174885980457905;0;0,0106131888015571;0,0106131888015571;0,0106131888015571;0,0106131888015571;0;0;0;0;0,0106131888015571;0;0;0;0;0;0,0106131888015571;0,0262328970686857;0;0;0;0;0;0;0,0174885980457905;0,00741830062264333;0,0106131888015571;0;0,00741830062264333;0,0106131888015571;0,012779552715655;0;0;0,0106131888015571;0;0,00874429902289523;0;0;0,0212263776031141;0;0,0255591054313099;0;0;0,0106131888015571;0;0;0;0;0,0106131888015571;0;0;0,00638977635782748;0;0,00554941084398149;0,0296732024905733;0;0;0,0106131888015571;0,0212263776031141;0;0,0106131888015571;0,00874429902289523;0;0;0;0,0106131888015571;0;0,0106131888015571;0;0;0;0,0106131888015571;0;0;0;0;0;0,0106131888015571;0;0,00874429902289523;0,0106131888015571;0,00741830062264333;0,0106131888015571;0;0,0106131888015571;0;0;0;0;0;0;0,0106131888015571;0;0,0148366012452867;0,0106131888015571;0;0
"P.Skarga_¯ywoty_Pañskich_Œwiêtych";0;0,0470588235294118;0,0390815069986748;0;0;0,0273168011163219;0,0781630139973497;0,0390815069986748;0;0;0;0;0;0;0;0;0;0;0;0;0;0;0;0;0;0;0;0;0;0,0321995952254848;0;0;0;0;0;0;0;0;0;0;0,0273168011163219;0;0,0546336022326438;0;0;0;0;0;0,0390815069986748;0;0;0;0;0;0;0;0;0;0,0390815069986748;0;0;0;0,0390815069986748;0;0;0;0;0;0,0321995952254848;0,0321995952254848;0,0235294117647059;0;0;0;0;0;0;0;0;0;0;0;0;0;0;0;0;0;0;0;0;0,0204348893431318;0;0;0;0;0;0;0;0;0;0;0;0;0;0;0;0;0,0781630139973497;0;0;0;0;0;0;0;0;0;0;0;0,0390815069986748;0;0;0;0;0;0,0321995952254848;0;0;0;0;0;0;0;0,0470588235294118;0;0;0,0390815069986748;0;0;0;0;0;0;0,0390815069986748;0;0;0;0;0,0390815069986748;0;0;0;0;0;0;0;0;0;0;0;0;0;0;0;0;0;0;0;0;0;0;0;0;0;0;0,0390815069986748;0;0;0;0;0;0;0;0;0,0356370158312884;0;0,0390815069986748;0;0;0;0;0,0390815069986748;0;0,0321995952254848;0;0;0;0;0;0;0;0;0;0;0;0;0,0390815069986748;0;0;0;0;0,0546336022326438;0,0390815069986748;0;0;0;0;0;0;0;0;0;0;0;0;0;0;0;0;0,0273168011163219;0;0;0;0,0321995952254848;0;0;0;0;0,0390815069986748;0;0,0235294117647059;0,0390815069986748;0,0390815069986748;0,0390815069986748;0;0;0;0,0546336022326438;0;0;0;0;0;0;0;0;0;0;0;0;0;0;0;0;0;0,0390815069986748;0;0;0;0;0;0;0;0;0;0;0;0;0;0;0;0;0;0;0;0;0;0;0;0;0;0;0,0390815069986748;0,0273168011163219;0;0;0;0;0;0;0;0;0,0273168011163219;0;0;0;0;0;0;0;0;0,0390815069986748;0;0;0;0,0781630139973497;0,0546336022326438;0;0;0;0;0,0390815069986748;0,0204348893431318;0;0;0;0;0;0;0;0;0;0;0;0;0;0;0;0;0;0,0321995952254848;0;0;0;0;0,0390815069986748;0;0,0390815069986748;0;0;0,0390815069986748;0;0;0;0;0;0;0;0;0;0;0;0;0,0781630139973497;0;0,0781630139973497;0;0;0;0;0;0;0;0,0235294117647059;0,0781630139973497;0,0321995952254848;0;0;0,0643991904509695;0;0;0;0;0;0;0;0;0;0;0;0;0;0;0,0390815069986748;0,0781630139973497;0;0;0,0321995952254848;0;0;0;0;0;0;0,0204348893431318;0,0546336022326438;0;0;0,0390815069986748;0;0,0321995952254848;0;0;0;0;0;0;0;0;0,0321995952254848;0;0;0;0;0;0;0;0;0;0;0;0;0,0273168011163219;0;0;0;0;0;0;0;0,0390815069986748;0;0;0;0,0546336022326438;0;0;0
"S.Lem_Czlowiek_z_Marsa_fragment";0;0;0;0;0;0;0;0;0;0;0;0;0;0;0;0;0;0,0536659920424746;0,195407534993374;0;0;0;0;0;0;0;0;0;0;0;0;0;0;0;0;0;0;0;0,0392156862745098;0;0;0;0;0;0,0651358449977914;0;0,0651358449977914;0,0455280018605365;0;0;0;0;0;0;0;0;0;0;0;0;0;0;0;0;0;0;0;0;0;0;0;0;0;0;0;0,0536659920424746;0;0;0;0;0;0;0;0;0;0;0;0;0;0;0,0536659920424746;0;0;0;0,0890925395782211;0;0,0536659920424746;0;0;0;0;0,0536659920424746;0;0;0;0;0,0455280018605365;0;0;0;0;0;0;0,0455280018605365;0;0;0;0,0651358449977914;0;0;0;0;0;0;0;0;0;0;0;0;0;0;0;0,0651358449977914;0;0;0;0;0;0;0;0;0;0;0;0;0;0;0;0;0;0;0;0;0;0,130271689995583;0;0;0;0;0;0;0;0,0392156862745098;0;0;0;0;0;0;0;0;0;0,0340581489052197;0;0;0;0,0651358449977914;0;0;0;0;0;0;0;0;0;0;0;0;0;0;0;0;0;0;0;0;0;0;0;0;0;0;0;0;0;0;0;0;0;0;0;0;0;0;0;0;0;0;0;0;0;0;0;0;0;0;0;0;0,0455280018605365;0;0;0;0,0536659920424746;0;0;0;0;0;0,0651358449977914;0;0,0651358449977914;0;0;0;0;0;0;0;0,130271689995583;0;0;0,0536659920424746;0;0;0;0;0;0;0;0;0,0536659920424746;0;0;0;0;0;0;0;0;0;0;0;0;0;0;0;0;0;0;0;0;0;0;0;0;0;0;0;0,0536659920424746;0;0;0;0;0;0;0;0;0;0,0455280018605365;0,0536659920424746;0;0;0;0;0;0;0,0536659920424746;0;0,0651358449977914;0;0;0,0536659920424746;0;0;0;0;0;0;0;0;0;0;0;0;0;0;0,0651358449977914;0;0;0;0;0,0536659920424746;0;0;0;0;0;0;0;0;0;0;0;0;0;0;0;0;0;0;0,0536659920424746;0;0;0;0;0;0;0;0;0;0;0;0;0;0;0;0;0;0;0;0;0;0;0;0;0;0;0;0;0;0;0;0;0;0;0;0,0651358449977914;0;0;0;0;0;0;0;0;0;0;0;0;0;0;0;0;0,0681162978104395;0;0,0651358449977914;0;0;0;0;0;0;0;0;0;0;0;0;0;0;0,0651358449977914;0;0;0;0;0;0;0;0,0651358449977914;0;0;0;0;0,0455280018605365;0;0;0;0;0;0;0;0,0651358449977914;0,0651358449977914;0;0;0,0651358449977914;0
"S.Lem_Odruch_warunkowy";0;0;0;0;0;0,0494027254231354;0;0;0;0;0;0,0582333105141746;0;0;0;0;0;0;0;0;0;0;0;0;0;0;0;0,0851063829787234;0;0,116466621028349;0;0;0,0494027254231354;0;0,0706793211678162;0;0;0;0;0;0;0;0;0,0851063829787234;0;0;0;0;0;0;0,0425531914893617;0;0;0;0;0,0706793211678162;0;0;0;0;0;0;0;0;0;0;0;0,0706793211678162;0;0;0;0,0706793211678162;0;0;0;0;0;0;0;0;0;0;0;0;0;0;0;0;0;0;0,0582333105141746;0;0;0;0;0;0;0;0;0;0;0,0582333105141746;0;0;0;0;0;0;0;0;0;0;0;0;0;0;0;0;0,0706793211678162;0;0;0;0;0;0;0;0;0;0;0;0;0;0;0;0;0;0;0;0;0,0706793211678162;0;0;0;0;0;0,0494027254231354;0;0;0;0;0;0;0;0;0;0;0;0;0;0;0;0;0;0;0;0;0;0,0582333105141746;0;0;0;0;0;0;0;0;0;0;0;0;0,0706793211678162;0;0;0;0;0;0;0;0;0;0;0;0;0;0;0;0,0706793211678162;0;0,0706793211678162;0;0;0;0,0582333105141746;0;0;0;0;0;0;0;0;0;0;0;0;0;0;0;0;0;0;0;0;0;0;0;0;0;0;0;0;0;0;0;0;0;0,0706793211678162;0;0;0,141358642335632;0;0;0;0;0;0;0;0;0;0;0;0;0;0;0;0;0;0;0,0706793211678162;0;0,0706793211678162;0;0;0;0;0,0494027254231354;0;0;0;0;0;0;0;0;0;0;0;0;0;0;0;0;0;0;0;0;0;0;0;0;0;0;0;0;0;0,0582333105141746;0;0;0;0;0;0;0;0;0;0;0;0;0;0;0;0;0;0,0582333105141746;0;0;0;0;0;0,0582333105141746;0;0;0;0;0;0;0;0;0;0;0;0;0;0;0;0;0;0;0,116466621028349;0;0;0,0582333105141746;0;0;0;0;0;0;0;0;0;0;0;0;0;0;0;0;0;0;0;0;0;0;0;0;0,212037963503449;0;0;0;0,0582333105141746;0;0;0;0;0,0706793211678162;0;0;0;0;0;0;0;0;0;0;0;0;0;0,0706793211678162;0;0;0,0425531914893617;0;0;0;0;0;0;0;0;0;0;0;0;0;0;0;0;0;0;0;0;0;0;0;0;0;0;0;0;0;0;0,0706793211678162;0,0582333105141746;0;0;0,0582333105141746;0;0;0;0,0582333105141746;0;0;0;0;0;0;0;0;0;0;0;0;0;0;0;0;0
"S.Lem_Pokoj_na_Ziemi_fragment";0;0;0;0;0;0;0;0;0,0448682884289542;0;0;0;0;0;0;0;0,108915675242209;0;0;0;0;0;0;0;0;0;0;0;0;0;0;0;0;0;0;0;0;0,0448682884289542;0,0327868852459016;0,0544578376211043;0;0;0;0,0327868852459016;0;0;0;0;0;0;0,0327868852459016;0,0544578376211043;0;0;0;0;0;0;0;0;0;0;0;0;0;0;0;0;0;0;0;0;0;0;0;0;0;0,0544578376211043;0;0;0;0,108915675242209;0;0;0;0;0;0;0;0;0;0;0;0;0,0248290684070452;0;0;0,0544578376211043;0;0,0448682884289542;0;0;0;0;0;0;0,076128789996307;0;0;0;0;0;0;0;0;0;0;0;0;0;0;0;0;0;0;0,0544578376211043;0;0;0;0;0;0;0;0;0;0;0;0;0;0;0,0544578376211043;0;0;0;0;0;0;0;0;0;0,0544578376211043;0;0;0,0544578376211043;0;0;0,0544578376211043;0;0;0,076128789996307;0;0;0;0;0;0;0;0;0;0;0;0;0;0,0284748458060034;0;0;0;0;0;0;0;0;0,0380643949981535;0;0;0;0;0;0;0;0,108915675242209;0;0;0;0;0;0;0,0544578376211043;0;0;0;0;0;0;0;0,0544578376211043;0,0544578376211043;0;0;0;0;0;0;0;0;0;0;0;0;0,0544578376211043;0,0544578376211043;0;0;0;0;0;0,0544578376211043;0;0;0;0;0;0;0;0;0;0;0;0;0;0;0;0;0;0;0;0;0;0;0;0;0;0;0;0;0;0;0;0;0;0;0;0;0;0;0,0380643949981535;0;0;0;0;0;0;0;0,0327868852459016;0;0;0;0;0;0;0,0544578376211043;0;0;0;0,0544578376211043;0;0;0;0;0;0;0;0;0;0;0,0448682884289542;0;0,0544578376211043;0;0;0;0;0;0;0;0;0;0;0;0;0;0;0;0;0;0,0544578376211043;0;0;0;0;0;0;0;0;0;0;0;0;0,0544578376211043;0;0;0;0,0544578376211043;0;0;0;0;0;0;0;0;0,0448682884289542;0;0;0;0;0;0;0;0;0;0;0;0,0544578376211043;0;0;0;0;0;0;0;0;0;0;0;0,0380643949981535;0;0;0;0;0,0448682884289542;0,0448682884289542;0;0;0;0;0;0,0380643949981535;0;0;0;0;0,0327868852459016;0;0;0;0;0;0,0544578376211043;0;0;0;0;0;0;0;0;0;0;0,0544578376211043;0;0,0544578376211043;0;0;0;0,0284748458060034;0;0;0,0544578376211043;0;0;0;0;0;0;0;0;0;0,0544578376211043;0;0;0;0;0;0;0;0,0448682884289542;0;0;0,0544578376211043;0;0;0;0;0;0;0;0,0448682884289542;0;0;0;0,0544578376211043;0;0;0;0;0;0;0,0544578376211043
"S.Lem_Powrot_z_Gwiazd_frament";0;0;0;0;0;0,036280126482615;0;0;0,0855301748176939;0;0;0;0;0;0;0,051905126482615;0;0;0;0;0,042765087408847;0;0;0,0855301748176939;0;0,042765087408847;0;0;0;0;0;0;0;0;0;0;0;0;0;0;0;0;0;0;0;0;0;0,036280126482615;0;0;0,03125;0;0;0;0;0;0,036280126482615;0;0;0;0,051905126482615;0;0;0;0;0;0;0;0;0;0;0;0;0;0;0;0;0;0;0;0;0;0;0;0;0;0;0;0;0;0;0;0;0,036280126482615;0,023665205825465;0;0;0;0,051905126482615;0;0;0;0;0;0;0;0;0;0;0;0;0;0;0;0;0;0;0;0;0;0;0;0;0,051905126482615;0;0;0,042765087408847;0;0;0;0,051905126482615;0;0;0;0;0;0;0;0;0;0;0;0,051905126482615;0;0;0;0;0;0;0;0,051905126482615;0;0;0;0,042765087408847;0;0,051905126482615;0,051905126482615;0;0,036280126482615;0;0;0;0;0;0;0;0;0;0;0;0;0;0,0542801748176939;0;0;0;0;0;0;0;0,051905126482615;0;0;0;0;0;0;0;0;0;0;0;0,042765087408847;0;0;0;0;0;0,0542801748176939;0;0;0;0;0;0;0;0;0;0;0,042765087408847;0;0;0;0;0;0;0;0;0;0;0;0;0;0;0;0;0;0;0;0;0;0;0;0,042765087408847;0;0;0;0;0;0;0;0;0;0;0;0;0;0;0;0,10381025296523;0,051905126482615;0;0;0;0;0;0;0;0;0;0;0;0;0;0;0;0;0;0;0;0;0;0,03125;0,051905126482615;0;0,10381025296523;0,042765087408847;0,042765087408847;0;0;0;0;0;0,051905126482615;0;0;0;0,027140087408847;0;0;0,051905126482615;0;0;0;0;0;0;0;0;0;0;0;0;0;0;0;0,042765087408847;0;0;0;0;0;0;0,042765087408847;0;0;0;0;0;0;0;0;0;0;0;0;0;0;0;0;0;0;0;0;0,051905126482615;0;0;0;0;0;0;0;0,051905126482615;0,0725602529652301;0;0;0;0;0;0;0;0;0;0;0;0;0;0;0;0;0;0;0;0;0;0;0,051905126482615;0;0;0;0;0;0;0;0;0;0;0;0;0;0,10381025296523;0;0;0;0;0;0;0;0;0;0,051905126482615;0,0625;0,0855301748176939;0;0;0;0;0;0;0;0,051905126482615;0;0;0;0;0;0;0;0;0;0;0;0,042765087408847;0;0;0;0;0;0;0;0;0,051905126482615;0;0;0;0;0,042765087408847;0;0;0;0;0;0,0725602529652301;0;0;0;0;0;0;0;0;0;0;0;0;0;0;0
